UserID,MovieTitle
U0001,Mad Max
U0001,Die Hard
U0001,John Wick
U0001,Superbad
U0001,Interstellar
U0002,Interstellar
U0002,Blade Runner 2049
U0002,Arrival
U0002,Inception
U0002,The Matrix
U0002,Die Hard
U0003,Shrek
U0003,Spider-Man: Into the Spider-Verse
U0003,Finding Nemo
U0003,Toy Story
U0003,The Lion King
U0004,Gladiator
U0005,John Wick
U0005,Inception
U0006,Shrek
U0006,Spider-Man: Into the Spider-Verse
U0006,Toy Story
U0006,The Lion King
U0006,The Hangover
U0006,Identity Thief
U0007,The Lion King
U0007,Toy Story
U0007,Spider-Man: Into the Spider-Verse
U0008,Finding Nemo
U0009,Die Hard
U0009,The Dark Knight
U0009,Gladiator
U0009,Mad Max
U0009,John Wick
U0009,Step Brothers
U0009,Arrival
U0011,Gladiator
U0011,Mad Max
U0011,John Wick
U0012,Step Brothers
U0012,Identity Thief
U0012,Superbad
U0012,21 Jump Street
U0012,The Hangover
U0012,Toy Story
U0013,John Wick
U0013,The Dark Knight
U0013,Gladiator
U0013,Mad Max
U0013,Die Hard
U0014,Interstellar
U0014,Arrival
U0014,Blade Runner 2049
U0014,The Matrix
U0014,Inception
U0015,Arrival
U0015,Interstellar
U0015,Inception
U0015,Blade Runner 2049
U0015,The Matrix
U0016,Gladiator
U0016,Mad Max
U0016,John Wick
U0016,The Dark Knight
U0016,Toy Story
U0017,Gladiator
U0017,Die Hard
U0017,The Dark Knight
U0017,John Wick
U0017,Mad Max
U0018,Die Hard
U0018,Mad Max
U0018,The Dark Knight
U0018,John Wick
U0018,Superbad
U0019,Shrek
U0019,The Lion King
U0019,Toy Story
U0019,Finding Nemo
U0020,Arrival
U0020,Interstellar
U0020,Inception
U0020,Blade Runner 2049
U0021,Step Brothers
U0021,21 Jump Street
U0021,Identity Thief
U0021,The Hangover
U0021,Superbad
U0022,Toy Story
U0022,Finding Nemo
U0022,Shrek
U0022,Spider-Man: Into the Spider-Verse
U0022,The Lion King
U0024,John Wick
U0024,The Dark Knight
U0024,Mad Max
U0024,The Lion King
U0025,Mad Max
U0025,Gladiator
U0025,John Wick
U0026,Step Brothers
U0026,Superbad
U0026,21 Jump Street
U0026,Identity Thief
U0026,The Hangover
U0026,Spider-Man: Into the Spider-Verse
U0029,Superbad
U0029,Identity Thief
U0029,Step Brothers
U0030,The Hangover
U0030,Step Brothers
U0030,Superbad
U0031,Step Brothers
U0031,21 Jump Street
U0031,Identity Thief
U0031,The Dark Knight
U0032,The Hangover
U0032,Step Brothers
U0032,Superbad
U0032,21 Jump Street
U0032,Finding Nemo
U0032,Spider-Man: Into the Spider-Verse
U0033,Shrek
U0033,John Wick
U0034,Die Hard
U0034,Mad Max
U0034,Gladiator
U0035,The Dark Knight
U0035,Gladiator
U0035,John Wick
U0036,Mad Max
U0036,Die Hard
U0036,John Wick
U0036,Gladiator
U0036,The Dark Knight
U0036,The Lion King
U0036,Finding Nemo
U0037,Arrival
U0037,Interstellar
U0037,Inception
U0038,Spider-Man: Into the Spider-Verse
U0039,Arrival
U0039,Interstellar
U0039,Blade Runner 2049
U0039,Inception
U0040,The Dark Knight
U0040,John Wick
U0040,Die Hard
U0040,Inception
U0040,Spider-Man: Into the Spider-Verse
U0041,The Matrix
U0041,Inception
U0041,Interstellar
U0043,Toy Story
U0043,The Lion King
U0043,Spider-Man: Into the Spider-Verse
U0044,Shrek
U0044,Finding Nemo
U0044,Toy Story
U0044,Spider-Man: Into the Spider-Verse
U0045,The Matrix
U0045,Interstellar
U0045,Inception
U0045,Arrival
U0045,Blade Runner 2049
U0046,Superbad
U0046,21 Jump Street
U0046,Identity Thief
U0046,The Lion King
U0047,21 Jump Street
U0047,Step Brothers
U0047,Superbad
U0047,The Hangover
U0050,John Wick
U0050,The Dark Knight
U0050,Die Hard
U0050,Gladiator
U0051,Mad Max
U0051,Identity Thief
U0052,21 Jump Street
U0052,Superbad
U0052,Step Brothers
U0052,The Hangover
U0052,The Lion King
U0053,John Wick
U0054,The Hangover
U0057,The Matrix
U0057,Interstellar
U0057,Arrival
U0057,Identity Thief
U0057,Finding Nemo
U0058,The Matrix
U0058,Interstellar
U0058,Inception
U0058,John Wick
U0058,Gladiator
U0060,Inception
U0060,Arrival
U0060,Blade Runner 2049
U0060,Interstellar
U0060,The Matrix
U0062,Step Brothers
U0062,Identity Thief
U0062,Superbad
U0062,The Dark Knight
U0062,Die Hard
U0063,Interstellar
U0063,Inception
U0063,The Matrix
U0064,The Lion King
U0064,Toy Story
U0064,Spider-Man: Into the Spider-Verse
U0064,Finding Nemo
U0064,Shrek
U0064,Step Brothers
U0065,Step Brothers
U0066,Spider-Man: Into the Spider-Verse
U0066,The Lion King
U0066,Toy Story
U0066,Finding Nemo
U0067,The Dark Knight
U0067,Die Hard
U0067,Mad Max
U0067,John Wick
U0067,Gladiator
U0068,Shrek
U0069,Gladiator
U0069,The Dark Knight
U0069,Die Hard
U0069,Mad Max
U0069,John Wick
U0070,Superbad
U0071,Superbad
U0071,Identity Thief
U0071,The Hangover
U0071,Finding Nemo
U0072,John Wick
U0072,Shrek
U0073,Gladiator
U0073,Mad Max
U0073,The Dark Knight
U0073,Die Hard
U0074,The Matrix
U0074,Blade Runner 2049
U0074,Interstellar
U0074,Inception
U0074,Arrival
U0075,Finding Nemo
U0075,The Lion King
U0075,Spider-Man: Into the Spider-Verse
U0075,Shrek
U0075,Identity Thief
U0076,Spider-Man: Into the Spider-Verse
U0076,Shrek
U0076,Toy Story
U0076,21 Jump Street
U0077,The Matrix
U0077,Blade Runner 2049
U0077,Interstellar
U0077,Arrival
U0078,Identity Thief
U0078,21 Jump Street
U0078,Step Brothers
U0078,The Hangover
U0079,Shrek
U0080,Interstellar
U0080,Blade Runner 2049
U0080,The Matrix
U0080,Arrival
U0080,Inception
U0080,Superbad
U0081,Superbad
U0081,The Hangover
U0081,21 Jump Street
U0082,Arrival
U0082,Inception
U0082,Interstellar
U0082,Blade Runner 2049
U0082,Superbad
U0082,The Dark Knight
U0083,Step Brothers
U0083,21 Jump Street
U0083,Identity Thief
U0083,The Hangover
U0083,Superbad
U0084,Superbad
U0084,21 Jump Street
U0084,The Hangover
U0084,Step Brothers
U0084,Identity Thief
U0085,The Hangover
U0085,21 Jump Street
U0085,Superbad
U0085,Identity Thief
U0085,Toy Story
U0086,The Dark Knight
U0086,Gladiator
U0086,Die Hard
U0086,Mad Max
U0086,John Wick
U0087,Die Hard
U0087,Gladiator
U0087,John Wick
U0088,Blade Runner 2049
U0088,The Matrix
U0088,Interstellar
U0089,Mad Max
U0089,The Dark Knight
U0089,John Wick
U0092,Inception
U0092,Blade Runner 2049
U0092,The Matrix
U0092,Interstellar
U0092,Arrival
U0093,Interstellar
U0093,The Matrix
U0093,Inception
U0093,21 Jump Street
U0093,John Wick
U0095,The Matrix
U0095,Arrival
U0095,Inception
U0095,John Wick
U0095,Step Brothers
U0097,Spider-Man: Into the Spider-Verse
U0097,Finding Nemo
U0097,Toy Story
U0097,Shrek
U0097,Mad Max
U0097,Superbad
U0098,Shrek
U0098,Finding Nemo
U0098,The Lion King
U0098,Toy Story
U0099,The Hangover
U0099,Identity Thief
U0099,Superbad
U0099,Step Brothers
U0099,21 Jump Street
U0100,Die Hard
U0100,The Dark Knight
U0100,John Wick
U0100,Mad Max
U0100,Gladiator
U0101,Superbad
U0101,The Hangover
U0101,21 Jump Street
U0102,The Matrix
U0102,Blade Runner 2049
U0102,Interstellar
U0103,Finding Nemo
U0103,Toy Story
U0103,Shrek
U0103,The Lion King
U0104,Inception
U0104,Interstellar
U0104,Arrival
U0104,Blade Runner 2049
U0104,Spider-Man: Into the Spider-Verse
U0105,Shrek
U0105,The Lion King
U0105,Spider-Man: Into the Spider-Verse
U0105,Toy Story
U0105,Finding Nemo
U0106,21 Jump Street
U0106,Identity Thief
U0106,Superbad
U0107,Shrek
U0107,Toy Story
U0107,Finding Nemo
U0107,The Lion King
U0107,Spider-Man: Into the Spider-Verse
U0110,Mad Max
U0110,Gladiator
U0110,The Dark Knight
U0111,Spider-Man: Into the Spider-Verse
U0112,Identity Thief
U0112,The Matrix
U0113,The Dark Knight
U0113,Mad Max
U0113,Die Hard
U0113,Gladiator
U0113,John Wick
U0113,Finding Nemo
U0113,Step Brothers
U0114,John Wick
U0114,The Dark Knight
U0114,Gladiator
U0114,Mad Max
U0114,21 Jump Street
U0114,Step Brothers
U0115,The Lion King
U0115,Spider-Man: Into the Spider-Verse
U0115,Shrek
U0116,Superbad
U0116,21 Jump Street
U0116,The Hangover
U0118,The Lion King
U0118,Finding Nemo
U0118,Spider-Man: Into the Spider-Verse
U0118,Toy Story
U0118,21 Jump Street
U0120,Gladiator
U0120,Mad Max
U0120,John Wick
U0120,The Dark Knight
U0120,Die Hard
U0120,The Lion King
U0120,Shrek
U0121,21 Jump Street
U0121,Step Brothers
U0121,Identity Thief
U0122,Toy Story
U0122,The Lion King
U0122,Finding Nemo
U0122,Spider-Man: Into the Spider-Verse
U0123,Die Hard
U0123,John Wick
U0123,Gladiator
U0123,The Dark Knight
U0124,Die Hard
U0124,Mad Max
U0124,Gladiator
U0124,John Wick
U0124,The Dark Knight
U0125,Inception
U0125,Arrival
U0125,Interstellar
U0125,Blade Runner 2049
U0126,Toy Story
U0126,Shrek
U0126,The Lion King
U0126,Spider-Man: Into the Spider-Verse
U0126,Finding Nemo
U0126,Die Hard
U0126,The Matrix
U0127,Finding Nemo
U0127,Shrek
U0127,The Lion King
U0127,Toy Story
U0127,Spider-Man: Into the Spider-Verse
U0127,The Matrix
U0128,The Hangover
U0128,Superbad
U0128,21 Jump Street
U0129,Interstellar
U0129,Blade Runner 2049
U0129,The Matrix
U0130,Mad Max
U0130,The Dark Knight
U0130,Die Hard
U0130,John Wick
U0131,Finding Nemo
U0131,Toy Story
U0131,Spider-Man: Into the Spider-Verse
U0132,Superbad
U0132,21 Jump Street
U0132,Step Brothers
U0133,The Dark Knight
U0133,Die Hard
U0133,Gladiator
U0133,John Wick
U0133,Mad Max
U0134,Identity Thief
U0134,Inception
U0135,The Dark Knight
U0135,Die Hard
U0135,John Wick
U0135,Mad Max
U0135,Gladiator
U0135,Finding Nemo
U0137,Spider-Man: Into the Spider-Verse
U0137,Shrek
U0137,Toy Story
U0137,The Lion King
U0138,Blade Runner 2049
U0139,Mad Max
U0139,Die Hard
U0139,Gladiator
U0139,The Dark Knight
U0140,The Matrix
U0140,Blade Runner 2049
U0140,Arrival
U0140,Interstellar
U0140,Inception
U0141,Gladiator
U0141,The Dark Knight
U0141,Mad Max
U0141,John Wick
U0141,Die Hard
U0141,The Matrix
U0141,Finding Nemo
U0142,Toy Story
U0142,Spider-Man: Into the Spider-Verse
U0142,Shrek
U0142,Finding Nemo
U0143,Spider-Man: Into the Spider-Verse
U0143,Blade Runner 2049
U0144,Gladiator
U0144,Finding Nemo
U0145,John Wick
U0145,Die Hard
U0145,Gladiator
U0145,The Dark Knight
U0147,Die Hard
U0147,John Wick
U0147,Mad Max
U0147,Spider-Man: Into the Spider-Verse
U0147,Arrival
U0148,Die Hard
U0148,The Dark Knight
U0148,Gladiator
U0148,John Wick
U0149,Interstellar
U0149,Arrival
U0149,Inception
U0149,Blade Runner 2049
U0149,The Matrix
U0152,The Dark Knight
U0152,Die Hard
U0152,Gladiator
U0152,Mad Max
U0152,Finding Nemo
U0152,Toy Story
U0153,The Lion King
U0153,Toy Story
U0153,Shrek
U0153,Spider-Man: Into the Spider-Verse
U0154,Identity Thief
U0154,21 Jump Street
U0154,The Hangover
U0154,Step Brothers
U0154,Superbad
U0154,Arrival
U0154,The Lion King
U0157,Arrival
U0157,Blade Runner 2049
U0157,Interstellar
U0158,Step Brothers
U0158,Identity Thief
U0158,The Hangover
U0159,Finding Nemo
U0159,Shrek
U0159,Toy Story
U0159,The Lion King
U0159,21 Jump Street
U0160,Step Brothers
U0160,The Hangover
U0160,Identity Thief
U0160,Mad Max
U0160,Shrek
U0161,Finding Nemo
U0161,Toy Story
U0161,Spider-Man: Into the Spider-Verse
U0161,The Lion King
U0161,Gladiator
U0162,Finding Nemo
U0163,The Lion King
U0163,Finding Nemo
U0163,Shrek
U0163,Spider-Man: Into the Spider-Verse
U0164,Shrek
U0164,Toy Story
U0164,Finding Nemo
U0164,Spider-Man: Into the Spider-Verse
U0164,The Lion King
U0164,John Wick
U0164,Step Brothers
U0165,The Dark Knight
U0165,John Wick
U0165,Die Hard
U0166,Spider-Man: Into the Spider-Verse
U0166,Shrek
U0166,Finding Nemo
U0166,The Lion King
U0166,Toy Story
U0167,Toy Story
U0167,Spider-Man: Into the Spider-Verse
U0167,Finding Nemo
U0167,Shrek
U0168,Toy Story
U0168,Finding Nemo
U0168,Shrek
U0168,The Lion King
U0169,Toy Story
U0170,The Lion King
U0170,Spider-Man: Into the Spider-Verse
U0170,Toy Story
U0170,Shrek
U0170,Finding Nemo
U0171,Spider-Man: Into the Spider-Verse
U0171,Finding Nemo
U0171,The Lion King
U0171,Shrek
U0171,Interstellar
U0172,Gladiator
U0172,Die Hard
U0172,The Dark Knight
U0172,John Wick
U0173,Die Hard
U0173,Mad Max
U0173,John Wick
U0173,Gladiator
U0173,The Lion King
U0174,The Dark Knight
U0174,Gladiator
U0174,Mad Max
U0174,Toy Story
U0174,Shrek
U0175,Inception
U0175,Blade Runner 2049
U0175,The Matrix
U0175,Superbad
U0176,Spider-Man: Into the Spider-Verse
U0176,Toy Story
U0176,Finding Nemo
U0177,Step Brothers
U0177,John Wick
U0178,Superbad
U0178,21 Jump Street
U0178,The Hangover
U0178,Step Brothers
U0178,Identity Thief
U0179,Mad Max
U0180,Spider-Man: Into the Spider-Verse
U0180,Shrek
U0180,Finding Nemo
U0180,Toy Story
U0181,Mad Max
U0181,Die Hard
U0181,John Wick
U0181,Gladiator
U0181,The Dark Knight
U0182,Blade Runner 2049
U0182,Inception
U0182,Arrival
U0183,The Matrix
U0183,Interstellar
U0183,Arrival
U0183,Blade Runner 2049
U0185,Shrek
U0185,Finding Nemo
U0185,Toy Story
U0185,The Hangover
U0185,John Wick
U0186,21 Jump Street
U0186,Step Brothers
U0186,Superbad
U0186,Identity Thief
U0186,The Hangover
U0187,Mad Max
U0187,The Dark Knight
U0187,Gladiator
U0187,John Wick
U0187,Die Hard
U0188,Toy Story
U0188,Finding Nemo
U0188,Shrek
U0188,Step Brothers
U0189,The Lion King
U0189,Toy Story
U0189,Shrek
U0189,Finding Nemo
U0190,John Wick
U0190,Die Hard
U0191,Gladiator
U0191,Die Hard
U0191,The Dark Knight
U0191,21 Jump Street
U0192,Superbad
U0192,Step Brothers
U0192,The Hangover
U0194,Spider-Man: Into the Spider-Verse
U0195,Arrival
U0195,Inception
U0195,Interstellar
U0195,Blade Runner 2049
U0197,The Hangover
U0197,21 Jump Street
U0197,Identity Thief
U0197,Superbad
U0197,Step Brothers
U0198,Finding Nemo
U0198,Shrek
U0198,Spider-Man: Into the Spider-Verse
U0199,Gladiator
U0199,Mad Max
U0199,Die Hard
U0199,John Wick
U0199,The Dark Knight
U0199,The Hangover
U0200,21 Jump Street
U0200,Identity Thief
U0200,Superbad
U0200,The Hangover
U0201,The Dark Knight
U0201,John Wick
U0201,Mad Max
U0201,Die Hard
U0202,Spider-Man: Into the Spider-Verse
U0202,Finding Nemo
U0202,Shrek
U0202,Toy Story
U0202,Identity Thief
U0202,Inception
U0203,21 Jump Street
U0203,Superbad
U0203,The Hangover
U0203,Identity Thief
U0203,Step Brothers
U0204,Die Hard
U0204,Mad Max
U0204,The Dark Knight
U0204,Gladiator
U0207,John Wick
U0207,Gladiator
U0207,The Dark Knight
U0208,Step Brothers
U0208,Identity Thief
U0208,The Hangover
U0209,Superbad
U0209,21 Jump Street
U0209,The Hangover
U0209,Identity Thief
U0209,Step Brothers
U0210,Gladiator
U0211,The Dark Knight
U0211,John Wick
U0211,Mad Max
U0211,Die Hard
U0211,The Lion King
U0211,Blade Runner 2049
U0212,Superbad
U0212,21 Jump Street
U0212,The Hangover
U0212,Step Brothers
U0213,Inception
U0213,The Matrix
U0213,Blade Runner 2049
U0215,21 Jump Street
U0215,Identity Thief
U0215,Step Brothers
U0216,Mad Max
U0216,Gladiator
U0216,The Dark Knight
U0216,John Wick
U0217,Gladiator
U0217,Die Hard
U0217,Mad Max
U0217,Inception
U0218,Shrek
U0218,Spider-Man: Into the Spider-Verse
U0218,The Lion King
U0218,Toy Story
U0218,Finding Nemo
U0218,Mad Max
U0218,The Matrix
U0219,Step Brothers
U0219,Identity Thief
U0219,Superbad
U0219,The Hangover
U0219,21 Jump Street
U0220,Die Hard
U0221,Gladiator
U0221,John Wick
U0223,Finding Nemo
U0223,Spider-Man: Into the Spider-Verse
U0223,Shrek
U0224,Toy Story
U0225,John Wick
U0225,The Dark Knight
U0225,Gladiator
U0225,Mad Max
U0226,Gladiator
U0226,The Dark Knight
U0226,Die Hard
U0227,Finding Nemo
U0227,Spider-Man: Into the Spider-Verse
U0227,Shrek
U0227,The Lion King
U0227,Toy Story
U0228,Finding Nemo
U0228,Shrek
U0228,The Lion King
U0229,The Dark Knight
U0229,John Wick
U0229,Mad Max
U0230,Mad Max
U0230,Spider-Man: Into the Spider-Verse
U0231,Arrival
U0231,Inception
U0231,Blade Runner 2049
U0231,The Matrix
U0231,Interstellar
U0231,Mad Max
U0231,Step Brothers
U0232,Spider-Man: Into the Spider-Verse
U0232,Finding Nemo
U0232,Shrek
U0232,Toy Story
U0232,The Lion King
U0232,The Dark Knight
U0232,The Matrix
U0233,21 Jump Street
U0233,Identity Thief
U0233,Superbad
U0233,The Hangover
U0233,Blade Runner 2049
U0234,The Lion King
U0234,Spider-Man: Into the Spider-Verse
U0234,Toy Story
U0234,Finding Nemo
U0235,Shrek
U0235,The Lion King
U0235,Toy Story
U0235,Finding Nemo
U0236,Finding Nemo
U0236,Toy Story
U0236,Shrek
U0236,Spider-Man: Into the Spider-Verse
U0236,The Lion King
U0237,Gladiator
U0237,The Dark Knight
U0237,Die Hard
U0237,Mad Max
U0237,John Wick
U0238,Mad Max
U0238,The Dark Knight
U0238,Gladiator
U0238,Die Hard
U0239,Blade Runner 2049
U0239,Arrival
U0239,Interstellar
U0239,Gladiator
U0239,Die Hard
U0240,Finding Nemo
U0240,The Lion King
U0240,Spider-Man: Into the Spider-Verse
U0240,Shrek
U0240,Toy Story
U0242,Blade Runner 2049
U0242,Interstellar
U0242,Inception
U0242,The Matrix
U0242,Arrival
U0242,Finding Nemo
U0242,The Dark Knight
U0243,The Matrix
U0243,Arrival
U0243,Blade Runner 2049
U0243,Inception
U0243,Step Brothers
U0243,John Wick
U0244,Step Brothers
U0244,21 Jump Street
U0244,Identity Thief
U0244,The Hangover
U0244,Superbad
U0245,Step Brothers
U0245,Superbad
U0245,The Hangover
U0245,Inception
U0246,Die Hard
U0246,Mad Max
U0246,The Dark Knight
U0246,Gladiator
U0246,John Wick
U0247,The Hangover
U0247,Step Brothers
U0247,Identity Thief
U0247,21 Jump Street
U0247,Superbad
U0248,Toy Story
U0248,Shrek
U0248,The Lion King
U0248,Arrival
U0249,Inception
U0249,The Hangover
U0250,The Dark Knight
U0250,Mad Max
U0250,Gladiator
U0250,John Wick
U0250,Die Hard
U0251,John Wick
U0251,Mad Max
U0251,Gladiator
U0251,Die Hard
U0251,Step Brothers
U0251,Finding Nemo
U0252,The Matrix
U0252,Arrival
U0254,The Dark Knight
U0254,Mad Max
U0254,John Wick
U0254,Die Hard
U0254,Gladiator
U0255,The Matrix
U0255,John Wick
U0256,Shrek
U0256,Spider-Man: Into the Spider-Verse
U0256,Finding Nemo
U0256,Toy Story
U0256,The Lion King
U0257,Mad Max
U0257,John Wick
U0257,Die Hard
U0258,Toy Story
U0259,Arrival
U0259,The Matrix
U0259,Blade Runner 2049
U0259,Interstellar
U0259,Inception
U0261,Interstellar
U0261,Blade Runner 2049
U0261,The Matrix
U0262,Toy Story
U0262,Finding Nemo
U0262,Spider-Man: Into the Spider-Verse
U0262,The Lion King
U0262,Gladiator
U0263,Inception
U0263,Blade Runner 2049
U0263,Arrival
U0264,The Lion King
U0264,Spider-Man: Into the Spider-Verse
U0264,Shrek
U0264,Toy Story
U0265,The Lion King
U0265,Shrek
U0265,Toy Story
U0265,Finding Nemo
U0266,Interstellar
U0266,Arrival
U0266,Inception
U0267,Toy Story
U0267,Finding Nemo
U0267,The Lion King
U0267,Spider-Man: Into the Spider-Verse
U0267,The Matrix
U0267,Interstellar
U0268,Inception
U0268,Interstellar
U0268,The Matrix
U0268,Mad Max
U0268,The Dark Knight
U0269,Toy Story
U0269,Spider-Man: Into the Spider-Verse
U0269,Finding Nemo
U0269,The Lion King
U0270,The Hangover
U0270,Superbad
U0270,21 Jump Street
U0270,Identity Thief
U0270,Step Brothers
U0270,Interstellar
U0270,Arrival
U0272,Shrek
U0272,Finding Nemo
U0272,Spider-Man: Into the Spider-Verse
U0272,The Dark Knight
U0272,Superbad
U0273,Superbad
U0273,The Hangover
U0273,Identity Thief
U0273,Arrival
U0273,The Lion King
U0274,Superbad
U0274,Identity Thief
U0274,The Hangover
U0275,The Dark Knight
U0275,Mad Max
U0275,Die Hard
U0275,John Wick
U0275,Gladiator
U0276,21 Jump Street
U0276,Superbad
U0276,The Hangover
U0276,Identity Thief
U0276,Step Brothers
U0276,The Dark Knight
U0276,Interstellar
U0277,The Hangover
U0277,Superbad
U0277,21 Jump Street
U0278,The Matrix
U0280,The Dark Knight
U0280,John Wick
U0280,Die Hard
U0281,The Lion King
U0281,Finding Nemo
U0281,Toy Story
U0281,Spider-Man: Into the Spider-Verse
U0282,The Matrix
U0282,Arrival
U0282,Blade Runner 2049
U0283,Toy Story
U0283,Spider-Man: Into the Spider-Verse
U0283,Finding Nemo
U0283,Shrek
U0283,Superbad
U0284,Shrek
U0284,The Lion King
U0284,Finding Nemo
U0285,Arrival
U0285,Inception
U0285,The Matrix
U0285,Interstellar
U0285,Blade Runner 2049
U0286,John Wick
U0286,The Dark Knight
U0286,Mad Max
U0286,Shrek
U0286,Spider-Man: Into the Spider-Verse
U0287,Shrek
U0287,Blade Runner 2049
U0288,The Matrix
U0289,Superbad
U0289,21 Jump Street
U0289,Identity Thief
U0289,The Hangover
U0289,Step Brothers
U0290,Die Hard
U0290,John Wick
U0290,Gladiator
U0290,The Dark Knight
U0290,The Matrix
U0290,Toy Story
U0291,Spider-Man: Into the Spider-Verse
U0291,Toy Story
U0291,The Lion King
U0291,Shrek
U0291,Finding Nemo
U0291,Die Hard
U0292,Step Brothers
U0292,The Lion King
U0293,Shrek
U0293,Finding Nemo
U0293,Toy Story
U0293,The Lion King
U0293,John Wick
U0294,21 Jump Street
U0294,Identity Thief
U0294,Superbad
U0294,The Hangover
U0295,Identity Thief
U0295,Superbad
U0295,21 Jump Street
U0296,Die Hard
U0296,Mad Max
U0296,Gladiator
U0296,Toy Story
U0296,21 Jump Street
U0297,Inception
U0297,Arrival
U0297,The Matrix
U0298,Interstellar
U0298,Blade Runner 2049
U0298,The Matrix
U0298,Arrival
U0298,Inception
U0298,Shrek
U0300,Arrival
U0300,Identity Thief
U0301,Arrival
U0301,Blade Runner 2049
U0301,Interstellar
U0301,Inception
U0301,The Matrix
U0302,Toy Story
U0302,Finding Nemo
U0302,Shrek
U0302,The Lion King
U0302,Spider-Man: Into the Spider-Verse
U0304,The Hangover
U0304,Step Brothers
U0304,Superbad
U0306,Gladiator
U0306,Die Hard
U0306,Mad Max
U0306,The Dark Knight
U0306,John Wick
U0306,Inception
U0306,Shrek
U0307,Blade Runner 2049
U0307,Inception
U0307,Arrival
U0308,John Wick
U0308,Gladiator
U0308,Die Hard
U0308,The Dark Knight
U0310,Finding Nemo
U0310,Spider-Man: Into the Spider-Verse
U0310,Toy Story
U0311,Interstellar
U0311,Arrival
U0311,The Matrix
U0311,Blade Runner 2049
U0311,Inception
U0311,Toy Story
U0311,Step Brothers
U0312,Spider-Man: Into the Spider-Verse
U0312,Shrek
U0312,Toy Story
U0312,Finding Nemo
U0312,The Lion King
U0313,Inception
U0313,Arrival
U0313,The Matrix
U0313,Interstellar
U0313,John Wick
U0313,The Lion King
U0314,Superbad
U0314,Identity Thief
U0314,The Hangover
U0314,Step Brothers
U0314,21 Jump Street
U0317,Blade Runner 2049
U0317,Interstellar
U0317,The Matrix
U0317,21 Jump Street
U0317,Step Brothers
U0318,Spider-Man: Into the Spider-Verse
U0318,Toy Story
U0318,Shrek
U0318,Mad Max
U0318,Die Hard
U0319,Die Hard
U0319,John Wick
U0319,Gladiator
U0319,Arrival
U0319,The Lion King
U0320,Identity Thief
U0320,21 Jump Street
U0320,Step Brothers
U0320,The Hangover
U0320,Superbad
U0320,The Lion King
U0320,Finding Nemo
U0321,Spider-Man: Into the Spider-Verse
U0321,The Lion King
U0321,Shrek
U0321,Toy Story
U0321,Die Hard
U0321,Interstellar
U0322,Identity Thief
U0322,21 Jump Street
U0322,The Hangover
U0322,Step Brothers
U0322,Superbad
U0323,The Matrix
U0323,Inception
U0323,Interstellar
U0323,Arrival
U0324,Interstellar
U0326,The Dark Knight
U0326,Die Hard
U0326,John Wick
U0326,Gladiator
U0326,Mad Max
U0327,Step Brothers
U0327,The Hangover
U0327,21 Jump Street
U0328,Interstellar
U0328,Inception
U0328,Arrival
U0328,Shrek
U0329,John Wick
U0329,Die Hard
U0329,Mad Max
U0329,Gladiator
U0329,The Dark Knight
U0330,Finding Nemo
U0330,Shrek
U0330,Toy Story
U0330,Spider-Man: Into the Spider-Verse
U0330,Arrival
U0332,Step Brothers
U0332,Identity Thief
U0332,21 Jump Street
U0332,Superbad
U0333,Gladiator
U0333,John Wick
U0333,Mad Max
U0334,The Lion King
U0334,Finding Nemo
U0334,Spider-Man: Into the Spider-Verse
U0334,Toy Story
U0335,Gladiator
U0335,Mad Max
U0335,John Wick
U0335,Spider-Man: Into the Spider-Verse
U0335,Shrek
U0336,Die Hard
U0336,John Wick
U0336,The Dark Knight
U0336,Gladiator
U0337,21 Jump Street
U0337,Step Brothers
U0337,Identity Thief
U0338,Die Hard
U0338,Mad Max
U0338,Gladiator
U0338,John Wick
U0339,Arrival
U0339,Blade Runner 2049
U0339,Interstellar
U0339,The Matrix
U0341,Mad Max
U0342,Step Brothers
U0342,Superbad
U0342,21 Jump Street
U0342,Identity Thief
U0342,The Hangover
U0342,Die Hard
U0343,The Dark Knight
U0343,Die Hard
U0343,Gladiator
U0343,John Wick
U0343,Spider-Man: Into the Spider-Verse
U0344,The Matrix
U0344,Blade Runner 2049
U0344,Interstellar
U0344,Inception
U0344,Arrival
U0345,Arrival
U0345,Inception
U0345,The Matrix
U0345,Blade Runner 2049
U0346,Shrek
U0346,Toy Story
U0346,Finding Nemo
U0346,The Lion King
U0346,Spider-Man: Into the Spider-Verse
U0347,Spider-Man: Into the Spider-Verse
U0347,Shrek
U0347,Finding Nemo
U0347,Toy Story
U0347,Superbad
U0348,Spider-Man: Into the Spider-Verse
U0348,Shrek
U0348,Finding Nemo
U0348,The Dark Knight
U0348,Die Hard
U0349,Identity Thief
U0349,The Hangover
U0349,21 Jump Street
U0349,Step Brothers
U0350,Identity Thief
U0350,Superbad
U0350,The Hangover
U0350,21 Jump Street
U0350,Inception
U0351,Superbad
U0351,Identity Thief
U0351,21 Jump Street
U0352,The Dark Knight
U0352,Mad Max
U0352,Die Hard
U0352,John Wick
U0353,21 Jump Street
U0353,Spider-Man: Into the Spider-Verse
U0354,Gladiator
U0354,Mad Max
U0354,The Dark Knight
U0354,Die Hard
U0355,Interstellar
U0355,Inception
U0355,Blade Runner 2049
U0355,Arrival
U0356,Gladiator
U0356,John Wick
U0356,Die Hard
U0356,Mad Max
U0356,The Dark Knight
U0356,Finding Nemo
U0356,Toy Story
U0357,Superbad
U0357,Step Brothers
U0357,Identity Thief
U0358,Step Brothers
U0358,21 Jump Street
U0358,Superbad
U0358,The Hangover
U0359,Mad Max
U0359,Gladiator
U0359,The Dark Knight
U0359,Shrek
U0359,Blade Runner 2049
U0360,The Lion King
U0360,Spider-Man: Into the Spider-Verse
U0360,Finding Nemo
U0360,Shrek
U0360,Toy Story
U0362,Superbad
U0362,Step Brothers
U0362,21 Jump Street
U0362,The Hangover
U0362,Identity Thief
U0364,Gladiator
U0364,Mad Max
U0364,Die Hard
U0367,John Wick
U0367,Die Hard
U0367,Mad Max
U0368,Mad Max
U0368,The Dark Knight
U0368,Die Hard
U0368,John Wick
U0369,The Hangover
U0369,Step Brothers
U0369,Identity Thief
U0369,21 Jump Street
U0371,Shrek
U0371,The Lion King
U0371,Finding Nemo
U0371,Spider-Man: Into the Spider-Verse
U0372,Spider-Man: Into the Spider-Verse
U0372,21 Jump Street
U0373,Step Brothers
U0373,21 Jump Street
U0373,The Hangover
U0374,John Wick
U0374,Die Hard
U0374,Mad Max
U0375,Die Hard
U0375,John Wick
U0375,Mad Max
U0375,Gladiator
U0376,Die Hard
U0377,Identity Thief
U0377,Superbad
U0377,Step Brothers
U0377,21 Jump Street
U0377,The Hangover
U0378,Spider-Man: Into the Spider-Verse
U0378,Toy Story
U0378,Finding Nemo
U0378,Shrek
U0379,Superbad
U0379,Step Brothers
U0379,Identity Thief
U0380,Interstellar
U0380,Arrival
U0380,Blade Runner 2049
U0380,The Matrix
U0381,Die Hard
U0381,Inception
U0382,Toy Story
U0382,Spider-Man: Into the Spider-Verse
U0382,Shrek
U0383,Step Brothers
U0383,The Hangover
U0383,Superbad
U0383,21 Jump Street
U0384,Superbad
U0384,21 Jump Street
U0384,Identity Thief
U0384,Mad Max
U0384,Blade Runner 2049
U0385,Arrival
U0385,Blade Runner 2049
U0385,Interstellar
U0385,Inception
U0386,Blade Runner 2049
U0386,Arrival
U0386,Interstellar
U0386,The Matrix
U0386,Step Brothers
U0386,The Lion King
U0387,Identity Thief
U0387,Step Brothers
U0387,21 Jump Street
U0388,Mad Max
U0388,John Wick
U0388,Gladiator
U0388,The Dark Knight
U0388,Die Hard
U0388,Superbad
U0388,Toy Story
U0389,Blade Runner 2049
U0389,Arrival
U0389,Interstellar
U0389,The Matrix
U0389,Inception
U0389,Toy Story
U0389,Identity Thief
U0390,Identity Thief
U0390,21 Jump Street
U0390,Superbad
U0390,The Hangover
U0390,Step Brothers
U0391,John Wick
U0391,The Dark Knight
U0391,Die Hard
U0391,21 Jump Street
U0392,The Matrix
U0392,Blade Runner 2049
U0392,Inception
U0392,Toy Story
U0393,Superbad
U0393,Step Brothers
U0393,The Hangover
U0394,The Matrix
U0394,Arrival
U0394,Interstellar
U0395,Mad Max
U0395,John Wick
U0395,Gladiator
U0395,Die Hard
U0395,Identity Thief
U0396,Interstellar
U0396,Inception
U0396,Blade Runner 2049
U0396,Superbad
U0397,The Hangover
U0397,Identity Thief
U0397,Step Brothers
U0397,21 Jump Street
U0398,The Dark Knight
U0398,Die Hard
U0398,John Wick
U0398,The Lion King
U0399,The Hangover
U0399,Identity Thief
U0399,Superbad
U0399,Step Brothers
U0400,The Dark Knight
U0400,John Wick
U0400,Die Hard
U0400,Mad Max
U0401,Spider-Man: Into the Spider-Verse
U0402,Interstellar
U0402,Blade Runner 2049
U0402,Arrival
U0402,Inception
U0403,Mad Max
U0403,Gladiator
U0403,The Dark Knight
U0404,Spider-Man: Into the Spider-Verse
U0404,Finding Nemo
U0404,The Lion King
U0404,Toy Story
U0405,Die Hard
U0405,The Dark Knight
U0405,John Wick
U0405,Mad Max
U0405,Gladiator
U0406,Spider-Man: Into the Spider-Verse
U0406,The Lion King
U0406,Toy Story
U0407,Interstellar
U0407,Blade Runner 2049
U0407,Arrival
U0409,Shrek
U0409,Spider-Man: Into the Spider-Verse
U0409,Finding Nemo
U0409,Toy Story
U0409,The Lion King
U0410,Superbad
U0410,Step Brothers
U0410,The Hangover
U0410,Identity Thief
U0411,John Wick
U0411,Die Hard
U0411,Mad Max
U0411,Gladiator
U0411,The Dark Knight
U0411,Inception
U0411,Interstellar
U0412,Superbad
U0412,21 Jump Street
U0412,Step Brothers
U0414,Mad Max
U0414,John Wick
U0414,Die Hard
U0414,The Dark Knight
U0415,Arrival
U0415,The Matrix
U0415,Blade Runner 2049
U0415,Inception
U0415,Interstellar
U0415,Shrek
U0415,Gladiator
U0416,Die Hard
U0417,Spider-Man: Into the Spider-Verse
U0417,Shrek
U0417,The Lion King
U0417,Toy Story
U0417,Identity Thief
U0418,John Wick
U0418,Die Hard
U0418,Gladiator
U0419,The Lion King
U0419,Shrek
U0419,Toy Story
U0419,Spider-Man: Into the Spider-Verse
U0419,Finding Nemo
U0420,Spider-Man: Into the Spider-Verse
U0420,Shrek
U0420,Finding Nemo
U0421,Shrek
U0421,The Lion King
U0421,Toy Story
U0421,Finding Nemo
U0421,Spider-Man: Into the Spider-Verse
U0423,Step Brothers
U0423,Superbad
U0423,Identity Thief
U0423,The Hangover
U0423,21 Jump Street
U0423,Inception
U0423,Shrek
U0424,The Dark Knight
U0424,John Wick
U0424,Mad Max
U0426,Gladiator
U0426,Identity Thief
U0428,Arrival
U0428,Interstellar
U0428,Blade Runner 2049
U0428,The Matrix
U0428,Inception
U0428,21 Jump Street
U0428,Finding Nemo
U0429,The Matrix
U0429,Inception
U0429,Interstellar
U0429,Blade Runner 2049
U0429,Spider-Man: Into the Spider-Verse
U0430,Step Brothers
U0430,Superbad
U0430,Identity Thief
U0430,The Hangover
U0430,21 Jump Street
U0430,Mad Max
U0431,Shrek
U0431,Spider-Man: Into the Spider-Verse
U0431,The Lion King
U0431,Toy Story
U0432,Mad Max
U0432,The Dark Knight
U0432,John Wick
U0432,Gladiator
U0432,Die Hard
U0432,Interstellar
U0432,Finding Nemo
U0433,Interstellar
U0433,Arrival
U0433,Blade Runner 2049
U0433,Inception
U0433,The Matrix
U0434,Superbad
U0434,Step Brothers
U0434,Identity Thief
U0436,The Dark Knight
U0436,John Wick
U0436,Mad Max
U0436,Toy Story
U0436,Arrival
U0437,Step Brothers
U0437,21 Jump Street
U0437,Superbad
U0440,Toy Story
U0440,Shrek
U0440,The Lion King
U0440,Finding Nemo
U0440,Spider-Man: Into the Spider-Verse
U0440,Inception
U0440,Superbad
U0442,Inception
U0442,Arrival
U0442,The Matrix
U0442,Interstellar
U0442,John Wick
U0443,Inception
U0443,Interstellar
U0443,The Matrix
U0443,Arrival
U0443,Blade Runner 2049
U0445,Gladiator
U0445,John Wick
U0445,Mad Max
U0445,The Dark Knight
U0445,Die Hard
U0445,Shrek
U0445,Inception
U0446,The Lion King
U0446,Shrek
U0446,Spider-Man: Into the Spider-Verse
U0447,Gladiator
U0447,Mad Max
U0447,The Dark Knight
U0447,Die Hard
U0447,John Wick
U0447,Identity Thief
U0447,Shrek
U0448,Mad Max
U0448,Gladiator
U0448,John Wick
U0448,The Dark Knight
U0448,Die Hard
U0448,Interstellar
U0448,The Lion King
U0449,The Hangover
U0449,Step Brothers
U0449,Identity Thief
U0449,21 Jump Street
U0449,Superbad
U0450,Arrival
U0450,Inception
U0450,The Matrix
U0450,Interstellar
U0450,Mad Max
U0452,Arrival
U0452,Interstellar
U0452,Inception
U0452,The Matrix
U0452,Blade Runner 2049
U0452,Finding Nemo
U0453,Arrival
U0453,Inception
U0453,Blade Runner 2049
U0453,Interstellar
U0453,The Matrix
U0454,The Matrix
U0454,Interstellar
U0454,Arrival
U0454,Inception
U0454,Blade Runner 2049
U0454,Step Brothers
U0454,The Hangover
U0455,Die Hard
U0455,Gladiator
U0455,John Wick
U0455,Mad Max
U0455,21 Jump Street
U0456,The Dark Knight
U0456,Mad Max
U0456,Die Hard
U0456,Gladiator
U0456,John Wick
U0458,Superbad
U0458,The Hangover
U0458,21 Jump Street
U0458,Identity Thief
U0459,Shrek
U0459,Inception
U0460,Shrek
U0460,Toy Story
U0460,Finding Nemo
U0460,Identity Thief
U0460,Superbad
U0461,Toy Story
U0461,The Lion King
U0461,Finding Nemo
U0461,Spider-Man: Into the Spider-Verse
U0463,Finding Nemo
U0463,Toy Story
U0463,Shrek
U0463,Spider-Man: Into the Spider-Verse
U0463,The Lion King
U0464,Blade Runner 2049
U0464,The Matrix
U0464,Interstellar
U0465,The Hangover
U0465,21 Jump Street
U0465,Superbad
U0465,Identity Thief
U0466,Gladiator
U0466,Die Hard
U0466,Mad Max
U0466,John Wick
U0466,The Dark Knight
U0466,Superbad
U0466,Blade Runner 2049
U0467,Arrival
U0467,The Matrix
U0467,Interstellar
U0467,Blade Runner 2049
U0467,Inception
U0467,Step Brothers
U0467,Die Hard
U0469,Toy Story
U0469,Spider-Man: Into the Spider-Verse
U0469,Shrek
U0469,The Lion King
U0470,Die Hard
U0470,Gladiator
U0470,Mad Max
U0470,John Wick
U0470,Finding Nemo
U0471,The Dark Knight
U0471,Mad Max
U0471,John Wick
U0472,Toy Story
U0472,Spider-Man: Into the Spider-Verse
U0472,Shrek
U0472,Finding Nemo
U0473,Inception
U0473,Blade Runner 2049
U0473,The Matrix
U0473,Interstellar
U0473,Arrival
U0475,The Matrix
U0475,Arrival
U0475,Inception
U0475,Shrek
U0476,Spider-Man: Into the Spider-Verse
U0476,Shrek
U0476,The Lion King
U0476,Finding Nemo
U0476,Toy Story
U0477,Step Brothers
U0477,Superbad
U0477,Identity Thief
U0478,Shrek
U0478,Finding Nemo
U0478,The Lion King
U0478,The Matrix
U0478,John Wick
U0479,Toy Story
U0480,Arrival
U0480,The Matrix
U0480,Inception
U0480,Interstellar
U0482,John Wick
U0482,Die Hard
U0482,The Dark Knight
U0482,Mad Max
U0482,Gladiator
U0482,Blade Runner 2049
U0483,Gladiator
U0483,Mad Max
U0483,Die Hard
U0483,The Dark Knight
U0483,Arrival
U0483,21 Jump Street
U0484,Finding Nemo
U0484,The Lion King
U0484,Shrek
U0484,Gladiator
U0484,Identity Thief
U0485,Identity Thief
U0485,Step Brothers
U0485,The Hangover
U0485,Gladiator
U0485,Spider-Man: Into the Spider-Verse
U0487,Identity Thief
U0487,21 Jump Street
U0487,The Hangover
U0488,The Matrix
U0488,Inception
U0488,Arrival
U0488,Interstellar
U0488,Blade Runner 2049
U0488,Identity Thief
U0488,Die Hard
U0489,Arrival
U0489,The Matrix
U0489,Inception
U0489,Interstellar
U0489,Blade Runner 2049
U0490,The Hangover
U0490,Superbad
U0490,Identity Thief
U0491,Mad Max
U0491,Die Hard
U0491,John Wick
U0491,The Dark Knight
U0491,Gladiator
U0491,Superbad
U0491,Spider-Man: Into the Spider-Verse
U0493,The Hangover
U0494,Inception
U0494,Interstellar
U0494,Arrival
U0494,Blade Runner 2049
U0494,The Matrix
U0494,Mad Max
U0494,The Lion King
U0495,Finding Nemo
U0495,Shrek
U0495,Toy Story
U0495,The Lion King
U0495,Die Hard
U0496,Inception
U0496,Blade Runner 2049
U0496,Arrival
U0496,The Matrix
U0497,Blade Runner 2049
U0497,Arrival
U0497,Inception
U0497,The Matrix
U0497,Identity Thief
U0498,Gladiator
U0498,Mad Max
U0498,The Dark Knight
U0498,John Wick
U0498,The Matrix
U0499,The Lion King
U0499,Toy Story
U0499,Finding Nemo
U0499,Gladiator
U0500,Spider-Man: Into the Spider-Verse
U0501,Spider-Man: Into the Spider-Verse
U0501,Finding Nemo
U0501,Toy Story
U0501,Shrek
U0501,Gladiator
U0502,Shrek
U0503,Interstellar
U0503,Inception
U0503,Blade Runner 2049
U0503,Arrival
U0503,The Matrix
U0504,Mad Max
U0504,Die Hard
U0504,John Wick
U0504,The Dark Knight
U0504,Gladiator
U0505,Arrival
U0505,Inception
U0505,Blade Runner 2049
U0505,Interstellar
U0505,The Matrix
U0506,Blade Runner 2049
U0506,Arrival
U0506,The Matrix
U0506,Inception
U0506,Interstellar
U0507,John Wick
U0507,Die Hard
U0507,The Dark Knight
U0507,Mad Max
U0507,Gladiator
U0508,Mad Max
U0508,Die Hard
U0508,John Wick
U0508,The Dark Knight
U0508,Arrival
U0508,Blade Runner 2049
U0509,Superbad
U0509,The Hangover
U0509,Step Brothers
U0510,Inception
U0510,Interstellar
U0510,The Matrix
U0511,Spider-Man: Into the Spider-Verse
U0511,Shrek
U0511,Toy Story
U0511,Finding Nemo
U0511,The Lion King
U0511,Arrival
U0511,Blade Runner 2049
U0512,21 Jump Street
U0512,Step Brothers
U0512,Superbad
U0512,The Hangover
U0512,Mad Max
U0513,Blade Runner 2049
U0513,Arrival
U0513,Interstellar
U0514,The Hangover
U0514,Superbad
U0514,Identity Thief
U0514,21 Jump Street
U0514,Step Brothers
U0514,Spider-Man: Into the Spider-Verse
U0514,The Dark Knight
U0515,The Lion King
U0515,Toy Story
U0515,Finding Nemo
U0515,Spider-Man: Into the Spider-Verse
U0515,The Hangover
U0515,Arrival
U0516,Toy Story
U0516,Shrek
U0516,Finding Nemo
U0516,Spider-Man: Into the Spider-Verse
U0516,The Hangover
U0516,Identity Thief
U0517,The Lion King
U0517,Finding Nemo
U0517,Toy Story
U0517,Spider-Man: Into the Spider-Verse
U0518,Toy Story
U0518,Shrek
U0519,Die Hard
U0519,Mad Max
U0519,The Dark Knight
U0519,John Wick
U0519,Arrival
U0519,The Hangover
U0520,Finding Nemo
U0520,Toy Story
U0520,Shrek
U0520,The Lion King
U0520,Arrival
U0521,21 Jump Street
U0521,Identity Thief
U0521,Superbad
U0521,Step Brothers
U0521,The Hangover
U0522,The Matrix
U0522,Blade Runner 2049
U0522,Inception
U0522,Arrival
U0522,Interstellar
U0522,The Lion King
U0522,John Wick
U0524,Superbad
U0524,Step Brothers
U0524,The Hangover
U0524,21 Jump Street
U0524,Identity Thief
U0524,John Wick
U0525,Inception
U0525,The Matrix
U0525,Arrival
U0525,Interstellar
U0528,Shrek
U0528,The Lion King
U0528,Toy Story
U0528,Finding Nemo
U0529,The Dark Knight
U0529,Mad Max
U0529,Gladiator
U0529,John Wick
U0529,Spider-Man: Into the Spider-Verse
U0530,Interstellar
U0530,Inception
U0530,Arrival
U0530,The Matrix
U0530,Blade Runner 2049
U0531,Arrival
U0531,Interstellar
U0531,Blade Runner 2049
U0531,The Matrix
U0531,Inception
U0533,Arrival
U0533,The Matrix
U0533,Blade Runner 2049
U0533,Interstellar
U0534,Gladiator
U0534,Mad Max
U0534,The Dark Knight
U0534,Die Hard
U0534,John Wick
U0535,Toy Story
U0535,Spider-Man: Into the Spider-Verse
U0535,The Lion King
U0535,Finding Nemo
U0535,Superbad
U0535,21 Jump Street
U0536,Interstellar
U0536,Inception
U0536,Arrival
U0536,The Matrix
U0537,21 Jump Street
U0537,The Hangover
U0537,Step Brothers
U0537,Superbad
U0537,Identity Thief
U0538,The Lion King
U0538,Spider-Man: Into the Spider-Verse
U0538,Shrek
U0539,Arrival
U0539,The Matrix
U0539,Inception
U0540,Finding Nemo
U0540,The Lion King
U0540,Shrek
U0541,Finding Nemo
U0541,The Lion King
U0541,Shrek
U0541,Spider-Man: Into the Spider-Verse
U0542,The Lion King
U0542,Spider-Man: Into the Spider-Verse
U0542,Toy Story
U0542,John Wick
U0542,The Hangover
U0543,Spider-Man: Into the Spider-Verse
U0543,Toy Story
U0543,Shrek
U0543,The Lion King
U0543,Identity Thief
U0544,Toy Story
U0544,Spider-Man: Into the Spider-Verse
U0545,Finding Nemo
U0545,Toy Story
U0545,Spider-Man: Into the Spider-Verse
U0545,Superbad
U0546,Shrek
U0546,The Lion King
U0546,Finding Nemo
U0546,Toy Story
U0546,Interstellar
U0547,Gladiator
U0547,John Wick
U0547,Mad Max
U0548,The Matrix
U0548,Blade Runner 2049
U0548,Interstellar
U0548,Inception
U0549,John Wick
U0549,Mad Max
U0549,Gladiator
U0549,Die Hard
U0549,The Dark Knight
U0550,Arrival
U0550,Die Hard
U0552,Interstellar
U0552,Superbad
U0554,Identity Thief
U0554,The Hangover
U0554,Step Brothers
U0554,21 Jump Street
U0555,Arrival
U0555,The Matrix
U0555,Blade Runner 2049
U0555,Interstellar
U0555,Finding Nemo
U0555,Toy Story
U0556,Die Hard
U0556,Mad Max
U0556,Gladiator
U0556,The Dark Knight
U0556,Identity Thief
U0557,21 Jump Street
U0557,Identity Thief
U0557,Superbad
U0557,The Dark Knight
U0557,Gladiator
U0558,The Dark Knight
U0558,Die Hard
U0558,John Wick
U0558,Gladiator
U0558,Mad Max
U0558,The Lion King
U0558,Step Brothers
U0559,Inception
U0559,Interstellar
U0559,Blade Runner 2049
U0560,The Matrix
U0560,Inception
U0560,Arrival
U0560,John Wick
U0560,Mad Max
U0561,Inception
U0561,Blade Runner 2049
U0561,Arrival
U0561,Finding Nemo
U0562,Arrival
U0562,The Dark Knight
U0563,Shrek
U0563,Toy Story
U0563,The Lion King
U0564,Toy Story
U0564,Shrek
U0564,Spider-Man: Into the Spider-Verse
U0565,The Dark Knight
U0565,Mad Max
U0565,Gladiator
U0565,Die Hard
U0565,John Wick
U0565,21 Jump Street
U0565,Shrek
U0566,Arrival
U0566,Inception
U0566,Blade Runner 2049
U0567,Inception
U0567,The Matrix
U0568,Arrival
U0568,Interstellar
U0568,The Matrix
U0568,Blade Runner 2049
U0569,21 Jump Street
U0569,Step Brothers
U0569,The Hangover
U0569,Identity Thief
U0569,Superbad
U0569,The Lion King
U0569,Blade Runner 2049
U0570,Step Brothers
U0570,The Hangover
U0570,Superbad
U0570,Identity Thief
U0571,Arrival
U0571,The Matrix
U0571,Inception
U0571,Interstellar
U0572,Finding Nemo
U0572,Spider-Man: Into the Spider-Verse
U0572,Toy Story
U0572,The Lion King
U0572,Shrek
U0572,Step Brothers
U0573,The Lion King
U0573,Spider-Man: Into the Spider-Verse
U0573,Toy Story
U0573,Finding Nemo
U0574,The Hangover
U0574,21 Jump Street
U0574,Superbad
U0575,The Lion King
U0575,Finding Nemo
U0575,Toy Story
U0575,Spider-Man: Into the Spider-Verse
U0575,The Dark Knight
U0577,Step Brothers
U0578,The Matrix
U0578,Arrival
U0578,Blade Runner 2049
U0580,Gladiator
U0580,Die Hard
U0580,The Dark Knight
U0580,John Wick
U0580,Mad Max
U0580,Step Brothers
U0581,Interstellar
U0581,The Matrix
U0581,Inception
U0581,Arrival
U0581,Blade Runner 2049
U0582,Spider-Man: Into the Spider-Verse
U0582,Shrek
U0582,Finding Nemo
U0582,The Lion King
U0582,Toy Story
U0583,Identity Thief
U0583,Superbad
U0583,Step Brothers
U0583,Spider-Man: Into the Spider-Verse
U0583,Gladiator
U0584,Die Hard
U0584,John Wick
U0584,The Dark Knight
U0585,Gladiator
U0585,Mad Max
U0585,John Wick
U0585,The Dark Knight
U0585,Superbad
U0587,Arrival
U0587,Blade Runner 2049
U0587,Inception
U0587,Shrek
U0588,John Wick
U0588,Mad Max
U0588,Die Hard
U0588,The Dark Knight
U0588,Gladiator
U0589,Identity Thief
U0589,The Hangover
U0589,Step Brothers
U0589,The Lion King
U0590,Die Hard
U0590,Gladiator
U0590,John Wick
U0590,Mad Max
U0590,The Dark Knight
U0591,Gladiator
U0591,John Wick
U0591,Die Hard
U0591,Mad Max
U0593,Superbad
U0593,Identity Thief
U0593,Step Brothers
U0594,Identity Thief
U0594,The Hangover
U0594,Step Brothers
U0595,Shrek
U0595,Spider-Man: Into the Spider-Verse
U0595,The Lion King
U0596,The Hangover
U0596,21 Jump Street
U0596,Superbad
U0596,Identity Thief
U0596,Step Brothers
U0597,Inception
U0597,Blade Runner 2049
U0597,Interstellar
U0598,The Lion King
U0598,Spider-Man: Into the Spider-Verse
U0598,Shrek
U0598,Finding Nemo
U0598,Toy Story
U0599,Mad Max
U0599,John Wick
U0599,Die Hard
U0599,The Dark Knight
U0599,Gladiator
U0600,Superbad
U0600,Step Brothers
U0600,21 Jump Street
U0600,The Hangover
U0601,Blade Runner 2049
U0601,Arrival
U0601,Inception
U0601,Interstellar
U0601,The Matrix
U0601,Finding Nemo
U0602,Inception
U0602,Interstellar
U0602,Arrival
U0602,Blade Runner 2049
U0603,The Lion King
U0603,Spider-Man: Into the Spider-Verse
U0603,Shrek
U0603,Toy Story
U0603,Arrival
U0603,Identity Thief
U0604,The Hangover
U0604,Superbad
U0604,Identity Thief
U0605,The Dark Knight
U0605,Gladiator
U0605,Die Hard
U0605,John Wick
U0605,Mad Max
U0605,The Hangover
U0605,Superbad
U0606,Identity Thief
U0606,21 Jump Street
U0606,The Hangover
U0606,Step Brothers
U0607,Inception
U0607,Interstellar
U0607,The Matrix
U0608,Shrek
U0608,Toy Story
U0608,Spider-Man: Into the Spider-Verse
U0608,Finding Nemo
U0608,The Lion King
U0608,Identity Thief
U0610,21 Jump Street
U0610,The Hangover
U0610,Identity Thief
U0610,Step Brothers
U0610,Superbad
U0610,Interstellar
U0610,The Dark Knight
U0611,The Lion King
U0611,Finding Nemo
U0611,Toy Story
U0611,Shrek
U0611,Spider-Man: Into the Spider-Verse
U0611,The Matrix
U0611,Gladiator
U0612,Blade Runner 2049
U0612,The Matrix
U0612,Arrival
U0612,Inception
U0612,Interstellar
U0613,Superbad
U0613,The Hangover
U0613,21 Jump Street
U0613,Identity Thief
U0613,Toy Story
U0614,John Wick
U0614,The Dark Knight
U0614,Die Hard
U0615,The Matrix
U0615,Inception
U0615,Arrival
U0616,The Matrix
U0617,The Lion King
U0617,Toy Story
U0617,Finding Nemo
U0617,Shrek
U0617,Spider-Man: Into the Spider-Verse
U0618,John Wick
U0618,Gladiator
U0618,Die Hard
U0618,Mad Max
U0618,Finding Nemo
U0618,Toy Story
U0619,Finding Nemo
U0619,The Lion King
U0619,Shrek
U0619,Toy Story
U0619,Spider-Man: Into the Spider-Verse
U0620,Gladiator
U0620,Die Hard
U0620,John Wick
U0620,Finding Nemo
U0620,The Hangover
U0621,Blade Runner 2049
U0621,Arrival
U0621,Inception
U0621,The Matrix
U0623,The Matrix
U0623,Arrival
U0623,Blade Runner 2049
U0623,Superbad
U0624,Superbad
U0624,The Hangover
U0624,21 Jump Street
U0624,Arrival
U0625,The Hangover
U0625,Superbad
U0625,Step Brothers
U0626,Gladiator
U0626,Mad Max
U0626,The Dark Knight
U0626,Die Hard
U0628,Shrek
U0628,Finding Nemo
U0628,The Lion King
U0628,Spider-Man: Into the Spider-Verse
U0628,The Hangover
U0628,Mad Max
U0629,Die Hard
U0629,Mad Max
U0629,Gladiator
U0630,The Lion King
U0630,Finding Nemo
U0630,Shrek
U0630,Toy Story
U0631,Superbad
U0631,The Hangover
U0631,Step Brothers
U0631,Arrival
U0632,Identity Thief
U0632,Step Brothers
U0632,21 Jump Street
U0632,The Hangover
U0634,The Matrix
U0634,Blade Runner 2049
U0634,Arrival
U0635,The Lion King
U0635,Finding Nemo
U0635,Toy Story
U0635,Shrek
U0636,Spider-Man: Into the Spider-Verse
U0636,Toy Story
U0636,Shrek
U0636,The Lion King
U0637,Die Hard
U0637,The Dark Knight
U0637,Gladiator
U0637,John Wick
U0638,John Wick
U0638,The Dark Knight
U0638,Mad Max
U0638,Gladiator
U0639,The Hangover
U0639,Superbad
U0639,Step Brothers
U0639,21 Jump Street
U0639,Identity Thief
U0640,Identity Thief
U0640,Superbad
U0640,Step Brothers
U0640,21 Jump Street
U0641,Gladiator
U0642,Mad Max
U0642,The Dark Knight
U0642,John Wick
U0642,Die Hard
U0643,The Lion King
U0643,Finding Nemo
U0643,Shrek
U0643,Inception
U0643,Step Brothers
U0644,The Dark Knight
U0644,Mad Max
U0644,John Wick
U0645,Finding Nemo
U0645,Toy Story
U0645,Shrek
U0645,Spider-Man: Into the Spider-Verse
U0646,21 Jump Street
U0646,Identity Thief
U0646,Superbad
U0646,Step Brothers
U0646,The Hangover
U0647,Step Brothers
U0647,The Hangover
U0647,Identity Thief
U0647,21 Jump Street
U0647,The Matrix
U0648,Blade Runner 2049
U0648,Interstellar
U0648,Inception
U0648,The Matrix
U0648,Mad Max
U0648,Spider-Man: Into the Spider-Verse
U0649,The Dark Knight
U0649,Gladiator
U0649,John Wick
U0649,Mad Max
U0650,Gladiator
U0650,The Dark Knight
U0650,John Wick
U0650,Die Hard
U0651,Inception
U0651,The Matrix
U0652,The Hangover
U0652,Step Brothers
U0652,21 Jump Street
U0652,Identity Thief
U0652,Superbad
U0652,Die Hard
U0653,Shrek
U0653,Toy Story
U0653,Finding Nemo
U0653,The Lion King
U0654,John Wick
U0654,Mad Max
U0654,The Dark Knight
U0654,Gladiator
U0654,Arrival
U0654,Finding Nemo
U0655,Finding Nemo
U0655,Spider-Man: Into the Spider-Verse
U0655,The Lion King
U0655,Shrek
U0655,Toy Story
U0656,Die Hard
U0656,The Dark Knight
U0656,Gladiator
U0656,Mad Max
U0657,Toy Story
U0658,Shrek
U0658,Finding Nemo
U0658,Toy Story
U0658,The Lion King
U0659,Identity Thief
U0659,21 Jump Street
U0659,Step Brothers
U0659,Superbad
U0659,The Hangover
U0660,The Dark Knight
U0660,John Wick
U0660,Die Hard
U0660,Mad Max
U0661,Finding Nemo
U0661,The Lion King
U0661,Shrek
U0663,Identity Thief
U0663,21 Jump Street
U0663,Step Brothers
U0663,Superbad
U0664,John Wick
U0664,The Dark Knight
U0664,Gladiator
U0665,Finding Nemo
U0665,Shrek
U0665,Toy Story
U0665,Spider-Man: Into the Spider-Verse
U0665,The Lion King
U0666,The Dark Knight
U0666,Die Hard
U0666,John Wick
U0666,Gladiator
U0666,Mad Max
U0667,Die Hard
U0667,John Wick
U0667,The Dark Knight
U0668,Toy Story
U0668,Spider-Man: Into the Spider-Verse
U0668,Finding Nemo
U0668,The Lion King
U0668,21 Jump Street
U0668,Identity Thief
U0669,Superbad
U0669,Identity Thief
U0669,21 Jump Street
U0669,Step Brothers
U0669,The Hangover
U0670,The Matrix
U0670,Blade Runner 2049
U0670,Interstellar
U0671,21 Jump Street
U0671,Identity Thief
U0671,The Hangover
U0671,Superbad
U0671,Interstellar
U0671,Spider-Man: Into the Spider-Verse
U0672,Die Hard
U0672,The Dark Knight
U0672,Mad Max
U0672,Toy Story
U0672,Finding Nemo
U0673,John Wick
U0673,Gladiator
U0673,Mad Max
U0674,Inception
U0674,Interstellar
U0674,The Matrix
U0674,Arrival
U0674,Blade Runner 2049
U0675,Toy Story
U0675,The Lion King
U0675,Spider-Man: Into the Spider-Verse
U0675,Finding Nemo
U0675,Shrek
U0676,The Lion King
U0676,Toy Story
U0676,Shrek
U0676,Finding Nemo
U0676,Spider-Man: Into the Spider-Verse
U0676,21 Jump Street
U0676,Arrival
U0677,Blade Runner 2049
U0677,Inception
U0677,The Matrix
U0677,Interstellar
U0677,John Wick
U0677,Step Brothers
U0678,Identity Thief
U0678,Step Brothers
U0678,The Hangover
U0678,Superbad
U0678,21 Jump Street
U0678,The Dark Knight
U0678,Shrek
U0679,The Lion King
U0679,Shrek
U0679,Finding Nemo
U0680,John Wick
U0680,Gladiator
U0680,Die Hard
U0680,The Dark Knight
U0680,Mad Max
U0680,Finding Nemo
U0680,Identity Thief
U0681,Identity Thief
U0681,Superbad
U0681,The Hangover
U0682,The Hangover
U0682,21 Jump Street
U0682,Step Brothers
U0682,Superbad
U0682,Identity Thief
U0683,Shrek
U0683,Spider-Man: Into the Spider-Verse
U0683,Toy Story
U0683,Finding Nemo
U0684,Mad Max
U0684,Die Hard
U0684,John Wick
U0684,The Dark Knight
U0684,Gladiator
U0685,Gladiator
U0686,Step Brothers
U0686,21 Jump Street
U0686,Superbad
U0686,Identity Thief
U0686,The Hangover
U0687,Identity Thief
U0687,Superbad
U0687,Step Brothers
U0687,21 Jump Street
U0687,The Dark Knight
U0687,Toy Story
U0688,Die Hard
U0688,Gladiator
U0688,Mad Max
U0688,The Dark Knight
U0688,John Wick
U0689,Die Hard
U0689,John Wick
U0689,Mad Max
U0690,Interstellar
U0690,Arrival
U0690,Blade Runner 2049
U0690,Inception
U0690,The Matrix
U0690,Superbad
U0690,Identity Thief
U0691,Gladiator
U0691,Mad Max
U0691,John Wick
U0691,The Dark Knight
U0692,The Matrix
U0692,Interstellar
U0692,Blade Runner 2049
U0693,Mad Max
U0693,Gladiator
U0693,The Dark Knight
U0693,John Wick
U0694,Identity Thief
U0694,21 Jump Street
U0694,The Hangover
U0694,Blade Runner 2049
U0694,The Matrix
U0695,Inception
U0695,The Matrix
U0695,Arrival
U0697,Shrek
U0697,The Lion King
U0697,Toy Story
U0697,Identity Thief
U0698,Interstellar
U0698,The Matrix
U0698,Inception
U0698,Arrival
U0699,The Dark Knight
U0699,John Wick
U0699,Die Hard
U0699,Mad Max
U0699,Gladiator
U0699,Superbad
U0701,Superbad
U0701,21 Jump Street
U0701,Step Brothers
U0701,Identity Thief
U0701,The Hangover
U0701,Mad Max
U0701,Interstellar
U0702,Gladiator
U0702,John Wick
U0702,Mad Max
U0702,The Dark Knight
U0702,Die Hard
U0703,John Wick
U0703,Gladiator
U0703,The Dark Knight
U0703,Mad Max
U0704,Identity Thief
U0704,The Hangover
U0704,21 Jump Street
U0704,Step Brothers
U0704,Superbad
U0704,Spider-Man: Into the Spider-Verse
U0705,Arrival
U0705,Inception
U0705,Blade Runner 2049
U0705,The Matrix
U0705,Interstellar
U0706,21 Jump Street
U0706,Identity Thief
U0706,Step Brothers
U0706,Superbad
U0706,The Hangover
U0706,Gladiator
U0706,Spider-Man: Into the Spider-Verse
U0707,The Lion King
U0707,Shrek
U0707,Toy Story
U0707,Spider-Man: Into the Spider-Verse
U0707,Finding Nemo
U0708,Gladiator
U0708,John Wick
U0708,The Dark Knight
U0708,Die Hard
U0709,Finding Nemo
U0709,Toy Story
U0709,Shrek
U0709,Spider-Man: Into the Spider-Verse
U0710,Interstellar
U0710,The Matrix
U0710,Blade Runner 2049
U0711,Identity Thief
U0711,21 Jump Street
U0711,Step Brothers
U0711,Superbad
U0711,Die Hard
U0712,Spider-Man: Into the Spider-Verse
U0712,Finding Nemo
U0712,Shrek
U0712,The Lion King
U0712,Arrival
U0713,Superbad
U0713,Step Brothers
U0713,21 Jump Street
U0713,Blade Runner 2049
U0714,The Lion King
U0714,Finding Nemo
U0714,Shrek
U0714,Spider-Man: Into the Spider-Verse
U0715,Finding Nemo
U0715,Shrek
U0715,The Lion King
U0716,Gladiator
U0716,The Dark Knight
U0716,Mad Max
U0716,John Wick
U0716,Die Hard
U0717,21 Jump Street
U0717,Identity Thief
U0717,Superbad
U0717,The Hangover
U0717,Step Brothers
U0718,Interstellar
U0718,The Matrix
U0718,Inception
U0718,Mad Max
U0718,The Hangover
U0719,Toy Story
U0719,Finding Nemo
U0719,The Lion King
U0720,Finding Nemo
U0720,Toy Story
U0720,The Lion King
U0720,Gladiator
U0720,Superbad
U0721,Die Hard
U0722,21 Jump Street
U0722,Superbad
U0722,Step Brothers
U0722,The Hangover
U0722,Identity Thief
U0722,Inception
U0722,Finding Nemo
U0723,The Hangover
U0723,Identity Thief
U0723,Step Brothers
U0723,Superbad
U0724,Finding Nemo
U0724,Shrek
U0724,The Lion King
U0724,Toy Story
U0725,Interstellar
U0725,Inception
U0725,Blade Runner 2049
U0725,21 Jump Street
U0725,Mad Max
U0726,Superbad
U0726,21 Jump Street
U0726,The Hangover
U0726,Identity Thief
U0726,Blade Runner 2049
U0727,The Dark Knight
U0727,Die Hard
U0727,John Wick
U0727,Identity Thief
U0728,Spider-Man: Into the Spider-Verse
U0728,The Lion King
U0728,Toy Story
U0728,Shrek
U0729,Mad Max
U0729,The Dark Knight
U0729,John Wick
U0729,Gladiator
U0730,Superbad
U0730,21 Jump Street
U0730,Identity Thief
U0730,Step Brothers
U0730,The Hangover
U0730,Toy Story
U0730,Inception
U0731,John Wick
U0731,The Dark Knight
U0731,Mad Max
U0732,The Lion King
U0732,Shrek
U0732,Toy Story
U0732,Finding Nemo
U0733,The Hangover
U0733,21 Jump Street
U0733,Identity Thief
U0733,Superbad
U0733,Interstellar
U0733,The Matrix
U0734,Finding Nemo
U0734,Spider-Man: Into the Spider-Verse
U0734,Shrek
U0734,Toy Story
U0735,The Dark Knight
U0736,Step Brothers
U0736,21 Jump Street
U0736,The Hangover
U0736,Identity Thief
U0736,Superbad
U0738,Inception
U0738,The Matrix
U0738,Arrival
U0738,Blade Runner 2049
U0738,Finding Nemo
U0739,John Wick
U0739,Die Hard
U0739,Mad Max
U0739,Inception
U0740,The Lion King
U0740,Shrek
U0740,Finding Nemo
U0740,The Matrix
U0740,The Hangover
U0741,Spider-Man: Into the Spider-Verse
U0741,The Lion King
U0741,Toy Story
U0741,Shrek
U0741,Mad Max
U0741,The Hangover
U0742,Blade Runner 2049
U0742,Inception
U0742,The Matrix
U0742,Arrival
U0742,Interstellar
U0742,Toy Story
U0742,The Dark Knight
U0743,Inception
U0743,Blade Runner 2049
U0743,Arrival
U0743,The Lion King
U0744,21 Jump Street
U0744,Superbad
U0744,The Hangover
U0744,Inception
U0745,Spider-Man: Into the Spider-Verse
U0745,The Lion King
U0745,Toy Story
U0745,Finding Nemo
U0745,Shrek
U0746,Shrek
U0746,Finding Nemo
U0746,Toy Story
U0746,The Lion King
U0747,Blade Runner 2049
U0747,The Matrix
U0747,Arrival
U0747,Inception
U0747,Interstellar
U0747,The Dark Knight
U0748,Die Hard
U0748,Gladiator
U0748,John Wick
U0748,Spider-Man: Into the Spider-Verse
U0750,21 Jump Street
U0750,The Hangover
U0750,Superbad
U0750,Step Brothers
U0750,Identity Thief
U0750,Gladiator
U0750,The Matrix
U0751,Blade Runner 2049
U0751,The Matrix
U0751,Inception
U0752,John Wick
U0752,Gladiator
U0752,Die Hard
U0752,Mad Max
U0752,Identity Thief
U0753,Blade Runner 2049
U0754,Gladiator
U0754,The Dark Knight
U0754,John Wick
U0754,Mad Max
U0755,Superbad
U0755,21 Jump Street
U0755,Identity Thief
U0756,The Lion King
U0756,Spider-Man: Into the Spider-Verse
U0756,Toy Story
U0756,Finding Nemo
U0756,The Hangover
U0757,Identity Thief
U0757,Step Brothers
U0757,Superbad
U0759,Spider-Man: Into the Spider-Verse
U0759,The Lion King
U0759,Finding Nemo
U0759,Shrek
U0759,The Dark Knight
U0759,Step Brothers
U0760,Interstellar
U0760,Blade Runner 2049
U0760,Inception
U0761,Arrival
U0761,The Matrix
U0761,Interstellar
U0761,Inception
U0761,Blade Runner 2049
U0762,Die Hard
U0762,The Dark Knight
U0762,John Wick
U0762,Gladiator
U0762,Mad Max
U0763,Shrek
U0763,The Lion King
U0763,Toy Story
U0763,Spider-Man: Into the Spider-Verse
U0764,Identity Thief
U0764,Superbad
U0764,Step Brothers
U0764,21 Jump Street
U0764,The Hangover
U0765,Superbad
U0765,21 Jump Street
U0765,Step Brothers
U0765,Identity Thief
U0765,Inception
U0766,The Matrix
U0766,Inception
U0766,Arrival
U0766,Blade Runner 2049
U0767,Finding Nemo
U0767,The Lion King
U0767,Toy Story
U0767,Gladiator
U0767,Superbad
U0768,John Wick
U0768,Gladiator
U0768,Die Hard
U0768,Identity Thief
U0769,Toy Story
U0769,The Lion King
U0769,Shrek
U0769,Spider-Man: Into the Spider-Verse
U0769,21 Jump Street
U0770,Inception
U0770,The Matrix
U0770,Arrival
U0770,Blade Runner 2049
U0770,The Hangover
U0770,Toy Story
U0771,Mad Max
U0771,John Wick
U0771,Die Hard
U0771,The Dark Knight
U0771,Gladiator
U0772,Spider-Man: Into the Spider-Verse
U0772,The Lion King
U0772,Toy Story
U0772,Shrek
U0772,Finding Nemo
U0772,Die Hard
U0773,The Hangover
U0773,Die Hard
U0774,Die Hard
U0774,Mad Max
U0774,John Wick
U0774,Interstellar
U0775,Step Brothers
U0775,Identity Thief
U0775,Superbad
U0775,The Hangover
U0775,21 Jump Street
U0776,Die Hard
U0776,John Wick
U0776,Gladiator
U0778,The Matrix
U0778,Arrival
U0778,Interstellar
U0778,Inception
U0778,Blade Runner 2049
U0779,John Wick
U0779,Mad Max
U0779,Die Hard
U0780,Inception
U0780,Blade Runner 2049
U0780,The Matrix
U0781,Inception
U0781,Arrival
U0781,The Matrix
U0781,Interstellar
U0781,The Lion King
U0782,Identity Thief
U0782,Superbad
U0782,21 Jump Street
U0783,Superbad
U0783,21 Jump Street
U0783,Identity Thief
U0784,Finding Nemo
U0785,Finding Nemo
U0785,Toy Story
U0785,Spider-Man: Into the Spider-Verse
U0786,Finding Nemo
U0786,Spider-Man: Into the Spider-Verse
U0786,Toy Story
U0787,The Matrix
U0787,Blade Runner 2049
U0787,Arrival
U0787,Mad Max
U0788,Blade Runner 2049
U0788,Inception
U0788,Interstellar
U0788,The Matrix
U0789,Toy Story
U0789,Shrek
U0789,Finding Nemo
U0789,The Lion King
U0789,Step Brothers
U0790,The Matrix
U0790,Interstellar
U0790,Arrival
U0790,Blade Runner 2049
U0790,Inception
U0790,Superbad
U0791,John Wick
U0791,Die Hard
U0791,The Dark Knight
U0791,Mad Max
U0791,Gladiator
U0791,21 Jump Street
U0792,The Dark Knight
U0792,John Wick
U0792,Mad Max
U0793,21 Jump Street
U0793,Identity Thief
U0793,Superbad
U0796,The Dark Knight
U0797,21 Jump Street
U0797,Identity Thief
U0797,The Hangover
U0797,Step Brothers
U0798,Die Hard
U0798,Gladiator
U0798,John Wick
U0798,Mad Max
U0798,The Dark Knight
U0799,21 Jump Street
U0799,Identity Thief
U0799,The Hangover
U0799,Step Brothers
U0800,Finding Nemo
U0800,The Lion King
U0800,Shrek
U0801,Gladiator
U0801,John Wick
U0801,The Dark Knight
U0802,Toy Story
U0802,The Lion King
U0802,Spider-Man: Into the Spider-Verse
U0803,Finding Nemo
U0803,The Lion King
U0803,Shrek
U0803,Spider-Man: Into the Spider-Verse
U0803,Inception
U0804,The Hangover
U0804,21 Jump Street
U0804,Step Brothers
U0804,Identity Thief
U0805,Interstellar
U0805,Blade Runner 2049
U0805,Inception
U0805,The Dark Knight
U0806,Arrival
U0806,Inception
U0806,Blade Runner 2049
U0806,The Matrix
U0807,The Dark Knight
U0807,Mad Max
U0807,John Wick
U0808,Toy Story
U0808,Finding Nemo
U0808,The Lion King
U0808,Shrek
U0809,Blade Runner 2049
U0809,Interstellar
U0809,The Matrix
U0811,Shrek
U0811,Spider-Man: Into the Spider-Verse
U0811,The Lion King
U0811,Finding Nemo
U0811,Toy Story
U0811,Arrival
U0811,Interstellar
U0812,The Matrix
U0812,Blade Runner 2049
U0812,Interstellar
U0812,Inception
U0812,Step Brothers
U0813,Toy Story
U0813,The Lion King
U0813,Shrek
U0813,Finding Nemo
U0814,Die Hard
U0814,Mad Max
U0814,John Wick
U0815,Superbad
U0815,The Hangover
U0815,Step Brothers
U0819,Arrival
U0819,Blade Runner 2049
U0819,The Matrix
U0819,Interstellar
U0819,Inception
U0819,The Hangover
U0819,The Dark Knight
U0820,Step Brothers
U0820,Superbad
U0820,Identity Thief
U0820,21 Jump Street
U0820,The Hangover
U0821,Blade Runner 2049
U0821,Interstellar
U0821,The Matrix
U0822,Identity Thief
U0822,21 Jump Street
U0823,John Wick
U0823,Gladiator
U0823,Die Hard
U0823,Mad Max
U0823,The Dark Knight
U0824,Gladiator
U0824,John Wick
U0824,Die Hard
U0824,The Dark Knight
U0824,The Hangover
U0824,Identity Thief
U0826,The Lion King
U0826,Shrek
U0826,Toy Story
U0826,Spider-Man: Into the Spider-Verse
U0827,John Wick
U0827,Mad Max
U0827,Die Hard
U0827,The Dark Knight
U0827,Gladiator
U0829,The Lion King
U0829,Shrek
U0829,Toy Story
U0830,Superbad
U0830,21 Jump Street
U0830,Step Brothers
U0830,The Hangover
U0830,The Matrix
U0830,Die Hard
U0831,Identity Thief
U0831,Step Brothers
U0831,21 Jump Street
U0832,Finding Nemo
U0832,Toy Story
U0832,Spider-Man: Into the Spider-Verse
U0832,Shrek
U0832,The Matrix
U0834,Finding Nemo
U0834,Spider-Man: Into the Spider-Verse
U0834,Toy Story
U0835,Inception
U0835,Blade Runner 2049
U0835,Arrival
U0835,The Matrix
U0835,Interstellar
U0836,Spider-Man: Into the Spider-Verse
U0836,Shrek
U0836,Finding Nemo
U0836,The Lion King
U0836,Toy Story
U0836,Inception
U0837,Gladiator
U0837,Die Hard
U0837,The Dark Knight
U0837,Mad Max
U0837,The Lion King
U0840,Interstellar
U0840,Arrival
U0840,The Matrix
U0841,Finding Nemo
U0841,Spider-Man: Into the Spider-Verse
U0841,Shrek
U0841,The Lion King
U0842,Identity Thief
U0842,Superbad
U0842,21 Jump Street
U0842,The Hangover
U0842,Step Brothers
U0842,Die Hard
U0844,The Hangover
U0844,Superbad
U0844,Identity Thief
U0844,The Lion King
U0844,Toy Story
U0845,Finding Nemo
U0845,Toy Story
U0845,The Lion King
U0846,The Dark Knight
U0846,John Wick
U0846,Die Hard
U0847,The Matrix
U0847,Blade Runner 2049
U0847,Arrival
U0847,Inception
U0847,Superbad
U0848,Identity Thief
U0848,Step Brothers
U0848,The Hangover
U0849,Inception
U0849,Arrival
U0849,Blade Runner 2049
U0849,The Matrix
U0849,Interstellar
U0850,Toy Story
U0850,Spider-Man: Into the Spider-Verse
U0850,Shrek
U0850,The Lion King
U0850,Finding Nemo
U0851,Identity Thief
U0851,Mad Max
U0852,Arrival
U0852,Interstellar
U0852,Blade Runner 2049
U0852,Inception
U0853,Gladiator
U0853,Die Hard
U0853,John Wick
U0853,The Dark Knight
U0853,Mad Max
U0853,Toy Story
U0853,Inception
U0854,Gladiator
U0854,Die Hard
U0854,Mad Max
U0854,The Matrix
U0854,Interstellar
U0855,John Wick
U0855,The Dark Knight
U0855,Die Hard
U0855,Mad Max
U0856,Inception
U0856,The Matrix
U0856,Interstellar
U0857,Shrek
U0857,Spider-Man: Into the Spider-Verse
U0857,The Lion King
U0857,Finding Nemo
U0857,Toy Story
U0858,Arrival
U0858,Blade Runner 2049
U0858,The Matrix
U0858,Interstellar
U0858,Inception
U0858,Superbad
U0858,John Wick
U0859,The Matrix
U0859,Blade Runner 2049
U0859,Interstellar
U0860,The Hangover
U0860,Superbad
U0860,Step Brothers
U0860,21 Jump Street
U0860,Identity Thief
U0860,Toy Story
U0861,Step Brothers
U0861,The Hangover
U0861,Superbad
U0861,21 Jump Street
U0861,Spider-Man: Into the Spider-Verse
U0862,Finding Nemo
U0862,The Lion King
U0862,Toy Story
U0862,Shrek
U0862,Spider-Man: Into the Spider-Verse
U0862,Superbad
U0862,Step Brothers
U0863,John Wick
U0863,The Dark Knight
U0863,Die Hard
U0863,Gladiator
U0864,The Hangover
U0864,21 Jump Street
U0864,Superbad
U0864,Step Brothers
U0864,Identity Thief
U0865,Blade Runner 2049
U0865,The Matrix
U0865,Arrival
U0865,Inception
U0866,Identity Thief
U0866,Superbad
U0866,Step Brothers
U0866,The Hangover
U0866,21 Jump Street
U0867,Shrek
U0867,Toy Story
U0867,Finding Nemo
U0867,The Lion King
U0867,Spider-Man: Into the Spider-Verse
U0868,Toy Story
U0868,The Lion King
U0868,Shrek
U0868,Finding Nemo
U0868,Spider-Man: Into the Spider-Verse
U0869,Finding Nemo
U0869,Shrek
U0869,The Lion King
U0869,21 Jump Street
U0870,Blade Runner 2049
U0870,Interstellar
U0871,Inception
U0871,Arrival
U0871,Interstellar
U0871,Blade Runner 2049
U0872,Superbad
U0872,Identity Thief
U0872,The Hangover
U0873,Arrival
U0873,Interstellar
U0873,The Matrix
U0873,Blade Runner 2049
U0874,The Hangover
U0874,Superbad
U0874,Identity Thief
U0875,Shrek
U0875,Finding Nemo
U0875,The Lion King
U0875,Toy Story
U0875,Blade Runner 2049
U0878,Die Hard
U0878,Gladiator
U0878,Mad Max
U0878,The Dark Knight
U0878,Toy Story
U0879,John Wick
U0879,Gladiator
U0879,The Dark Knight
U0879,Mad Max
U0880,The Hangover
U0880,21 Jump Street
U0880,Identity Thief
U0880,Step Brothers
U0882,The Lion King
U0882,Shrek
U0882,Finding Nemo
U0882,Toy Story
U0883,Inception
U0884,The Dark Knight
U0884,The Hangover
U0885,Die Hard
U0885,Gladiator
U0885,The Dark Knight
U0885,Mad Max
U0885,Finding Nemo
U0885,Superbad
U0886,Toy Story
U0886,Spider-Man: Into the Spider-Verse
U0886,Finding Nemo
U0886,The Matrix
U0887,Identity Thief
U0887,21 Jump Street
U0887,Step Brothers
U0887,Inception
U0888,Step Brothers
U0888,21 Jump Street
U0888,Identity Thief
U0888,Superbad
U0888,The Hangover
U0888,Die Hard
U0889,Interstellar
U0889,Blade Runner 2049
U0889,The Matrix
U0889,Arrival
U0889,21 Jump Street
U0890,The Hangover
U0890,Step Brothers
U0890,Superbad
U0890,The Lion King
U0893,The Hangover
U0893,Superbad
U0893,21 Jump Street
U0893,Step Brothers
U0895,Mad Max
U0895,The Dark Knight
U0895,Gladiator
U0895,Die Hard
U0895,John Wick
U0897,Blade Runner 2049
U0897,Arrival
U0897,Inception
U0897,Interstellar
U0897,The Matrix
U0898,Step Brothers
U0898,Identity Thief
U0898,The Hangover
U0898,21 Jump Street
U0899,Toy Story
U0899,Shrek
U0899,The Lion King
U0899,Spider-Man: Into the Spider-Verse
U0901,The Hangover
U0901,Superbad
U0901,21 Jump Street
U0902,The Matrix
U0902,Inception
U0902,Interstellar
U0903,21 Jump Street
U0903,The Hangover
U0903,Step Brothers
U0903,Identity Thief
U0903,Interstellar
U0903,Blade Runner 2049
U0904,Step Brothers
U0904,Identity Thief
U0904,21 Jump Street
U0904,Superbad
U0904,The Hangover
U0904,John Wick
U0904,The Matrix
U0905,Shrek
U0905,Toy Story
U0905,Spider-Man: Into the Spider-Verse
U0905,The Lion King
U0905,Finding Nemo
U0905,Interstellar
U0905,The Matrix
U0906,Identity Thief
U0906,21 Jump Street
U0906,Superbad
U0906,Step Brothers
U0906,The Hangover
U0906,Arrival
U0907,Shrek
U0907,The Lion King
U0907,Spider-Man: Into the Spider-Verse
U0907,John Wick
U0907,Die Hard
U0908,21 Jump Street
U0908,Superbad
U0908,Identity Thief
U0908,Mad Max
U0909,Finding Nemo
U0909,The Lion King
U0909,Shrek
U0911,Blade Runner 2049
U0911,Arrival
U0911,Inception
U0912,The Hangover
U0912,Identity Thief
U0912,Superbad
U0912,21 Jump Street
U0912,Step Brothers
U0912,Gladiator
U0913,Shrek
U0913,Spider-Man: Into the Spider-Verse
U0913,The Lion King
U0913,The Dark Knight
U0914,Gladiator
U0914,John Wick
U0914,Die Hard
U0914,The Dark Knight
U0915,Mad Max
U0915,Die Hard
U0915,Gladiator
U0915,The Dark Knight
U0915,John Wick
U0915,The Hangover
U0915,Identity Thief
U0916,Shrek
U0916,Finding Nemo
U0916,Spider-Man: Into the Spider-Verse
U0916,Toy Story
U0916,The Matrix
U0917,The Lion King
U0917,Shrek
U0917,Toy Story
U0917,Spider-Man: Into the Spider-Verse
U0917,Finding Nemo
U0917,Gladiator
U0917,The Matrix
U0918,John Wick
U0918,The Dark Knight
U0918,Mad Max
U0918,Gladiator
U0918,Die Hard
U0919,Die Hard
U0919,The Dark Knight
U0919,John Wick
U0919,Mad Max
U0919,Inception
U0919,The Hangover
U0920,21 Jump Street
U0921,Mad Max
U0921,John Wick
U0921,Die Hard
U0921,Gladiator
U0921,The Dark Knight
U0922,Interstellar
U0922,Arrival
U0922,Inception
U0922,Identity Thief
U0923,Gladiator
U0923,Die Hard
U0923,The Dark Knight
U0925,Interstellar
U0925,The Matrix
U0925,Inception
U0925,The Hangover
U0926,Finding Nemo
U0926,The Lion King
U0926,Spider-Man: Into the Spider-Verse
U0926,Shrek
U0926,Toy Story
U0927,Mad Max
U0927,Gladiator
U0927,Die Hard
U0927,The Hangover
U0928,Spider-Man: Into the Spider-Verse
U0928,Finding Nemo
U0928,Toy Story
U0928,The Lion King
U0928,Shrek
U0929,The Lion King
U0929,Spider-Man: Into the Spider-Verse
U0929,Finding Nemo
U0929,Shrek
U0929,Toy Story
U0930,Interstellar
U0930,Blade Runner 2049
U0930,Arrival
U0930,Inception
U0931,The Hangover
U0931,Identity Thief
U0931,21 Jump Street
U0931,Step Brothers
U0931,Superbad
U0932,John Wick
U0932,Die Hard
U0932,Gladiator
U0933,Finding Nemo
U0933,Spider-Man: Into the Spider-Verse
U0933,Toy Story
U0933,Shrek
U0933,The Lion King
U0934,Mad Max
U0934,Gladiator
U0934,John Wick
U0934,Die Hard
U0934,The Dark Knight
U0935,Arrival
U0935,Interstellar
U0935,Inception
U0936,Superbad
U0936,Step Brothers
U0936,Identity Thief
U0936,21 Jump Street
U0936,The Hangover
U0938,Inception
U0938,The Matrix
U0938,Interstellar
U0938,Blade Runner 2049
U0938,Arrival
U0938,Toy Story
U0938,The Dark Knight
U0939,Toy Story
U0939,Shrek
U0939,The Lion King
U0939,Finding Nemo
U0939,Spider-Man: Into the Spider-Verse
U0939,Die Hard
U0940,Mad Max
U0940,Die Hard
U0940,The Dark Knight
U0940,John Wick
U0940,Gladiator
U0941,Mad Max
U0941,Die Hard
U0941,John Wick
U0941,Gladiator
U0942,The Lion King
U0942,Finding Nemo
U0942,Spider-Man: Into the Spider-Verse
U0942,Toy Story
U0944,Spider-Man: Into the Spider-Verse
U0944,The Lion King
U0944,Toy Story
U0944,21 Jump Street
U0946,21 Jump Street
U0946,Arrival
U0947,Step Brothers
U0947,Identity Thief
U0947,Superbad
U0947,21 Jump Street
U0947,The Hangover
U0948,Superbad
U0948,Step Brothers
U0948,21 Jump Street
U0949,Die Hard
U0949,Mad Max
U0949,John Wick
U0950,The Dark Knight
U0950,John Wick
U0950,Gladiator
U0950,Die Hard
U0950,Superbad
U0950,Arrival
U0951,John Wick
U0951,Die Hard
U0951,Mad Max
U0951,Gladiator
U0951,The Dark Knight
U0951,Inception
U0952,Die Hard
U0952,Gladiator
U0952,The Dark Knight
U0952,Mad Max
U0953,John Wick
U0953,The Dark Knight
U0953,Mad Max
U0953,Gladiator
U0953,Die Hard
U0954,Blade Runner 2049
U0954,The Matrix
U0954,Inception
U0954,Interstellar
U0954,Arrival
U0954,Step Brothers
U0956,Blade Runner 2049
U0956,Arrival
U0956,Interstellar
U0956,Finding Nemo
U0957,Step Brothers
U0957,Superbad
U0957,The Hangover
U0958,Inception
U0958,The Matrix
U0958,Interstellar
U0958,Arrival
U0958,Blade Runner 2049
U0958,Spider-Man: Into the Spider-Verse
U0959,Blade Runner 2049
U0959,Interstellar
U0959,The Matrix
U0959,Arrival
U0959,Inception
U0962,Mad Max
U0962,John Wick
U0962,Die Hard
U0964,Spider-Man: Into the Spider-Verse
U0964,The Lion King
U0964,Toy Story
U0964,Finding Nemo
U0965,Blade Runner 2049
U0965,The Matrix
U0965,Inception
U0965,Arrival
U0965,Interstellar
U0965,Die Hard
U0965,Finding Nemo
U0966,Gladiator
U0966,The Dark Knight
U0966,Mad Max
U0966,John Wick
U0967,The Matrix
U0967,Inception
U0967,Arrival
U0967,Blade Runner 2049
U0967,21 Jump Street
U0967,Shrek
U0968,Finding Nemo
U0968,Shrek
U0968,Toy Story
U0968,The Lion King
U0968,Spider-Man: Into the Spider-Verse
U0969,Step Brothers
U0969,21 Jump Street
U0969,The Hangover
U0969,Superbad
U0969,Interstellar
U0969,Toy Story
U0970,Arrival
U0970,The Matrix
U0970,Inception
U0970,Interstellar
U0970,Blade Runner 2049
U0971,21 Jump Street
U0971,Step Brothers
U0971,The Hangover
U0972,Identity Thief
U0972,Superbad
U0972,Step Brothers
U0972,Inception
U0973,Shrek
U0973,Finding Nemo
U0973,The Lion King
U0973,Toy Story
U0974,Inception
U0974,The Matrix
U0974,Blade Runner 2049
U0974,Arrival
U0974,Finding Nemo
U0974,Toy Story
U0975,Identity Thief
U0975,21 Jump Street
U0975,The Hangover
U0976,The Matrix
U0976,Inception
U0976,Arrival
U0977,Spider-Man: Into the Spider-Verse
U0977,The Lion King
U0977,Finding Nemo
U0977,Toy Story
U0978,Identity Thief
U0978,The Hangover
U0978,Superbad
U0978,Step Brothers
U0979,Finding Nemo
U0979,Toy Story
U0979,Spider-Man: Into the Spider-Verse
U0979,Shrek
U0979,The Lion King
U0980,Superbad
U0980,Step Brothers
U0980,Identity Thief
U0980,Toy Story
U0982,Shrek
U0982,The Lion King
U0982,Spider-Man: Into the Spider-Verse
U0982,The Matrix
U0982,Inception
U0983,Die Hard
U0983,Mad Max
U0983,John Wick
U0983,The Dark Knight
U0983,Inception
U0983,Step Brothers
U0984,Spider-Man: Into the Spider-Verse
U0984,Shrek
U0984,Finding Nemo
U0984,Toy Story
U0984,The Lion King
U0984,Gladiator
U0984,Blade Runner 2049
U0985,Blade Runner 2049
U0985,The Matrix
U0985,Inception
U0985,Arrival
U0985,Spider-Man: Into the Spider-Verse
U0985,The Dark Knight
U0986,Mad Max
U0986,Die Hard
U0986,John Wick
U0986,The Dark Knight
U0986,Gladiator
U0986,Step Brothers
U0987,Step Brothers
U0987,The Hangover
U0987,Superbad
U0987,Identity Thief
U0988,Shrek
U0988,Finding Nemo
U0988,The Lion King
U0989,Interstellar
U0989,Arrival
U0989,Blade Runner 2049
U0989,Inception
U0990,Blade Runner 2049
U0990,Interstellar
U0990,Arrival
U0990,The Matrix
U0990,Spider-Man: Into the Spider-Verse
U0992,Identity Thief
U0992,The Hangover
U0992,Superbad
U0992,Step Brothers
U0992,21 Jump Street
U0993,Arrival
U0993,The Matrix
U0993,Interstellar
U0993,Blade Runner 2049
U0993,Inception
U0993,Toy Story
U0993,Spider-Man: Into the Spider-Verse
U0994,Step Brothers
U0994,Superbad
U0994,The Hangover
U0994,Identity Thief
U0994,21 Jump Street
U0995,21 Jump Street
U0995,Step Brothers
U0995,The Hangover
U0995,Identity Thief
U0995,Interstellar
U0995,Gladiator
U0996,Gladiator
U0996,The Dark Knight
U0996,Mad Max
U0996,John Wick
U0997,The Lion King
U0997,Shrek
U0997,Toy Story
U0997,Spider-Man: Into the Spider-Verse
U0998,Mad Max
U0998,Gladiator
U0998,John Wick
U0999,Shrek
U0999,Toy Story
U0999,Spider-Man: Into the Spider-Verse
U1000,Die Hard
U1000,John Wick
U1000,Mad Max
